Characteristics,City of Ottawa,Orléans East-Cumberland - Ward 1,Orléans West-Innes - Ward 2,Barrhaven West - Ward 3,Kanata North - Ward 4,West Carleton-March - Ward 5,Stittsville - Ward 6,Bay - Ward 7,College - Ward 8,Knoxdale-Merivale -Ward 9,Gloucester-Southgate - Ward 10,Beacon Hill-Cyrville - Ward 11,Rideau-Vanier - Ward 12,Rideau-Rockcliffe - Ward 13,Somerset - Ward 14,Kitchissippi - Ward 15,River -Ward 16,Capital - Ward 17,Alta Vista - Ward 18,Orléans South-Navan - Ward 19,Osgoode - Ward 20,Rideau-Jock - Ward 21,Riverside South-Findlay Creek - Ward 22,Kanata South - Ward 23,Barrhaven East - Ward 24
Global Non-Response,0.031,0.017,0.017,0.021,0.019,0.031,0.013,0.036,0.03,0.028,0.029,0.025,0.076,0.042,0.059,0.033,0.032,0.043,0.044,0.018,0.018,0.016,0.012,0.016,0.017
Total - Income statistics in 2020 for the population aged 15 years and over in private households - 25% sample data,834140,40600,38040,38620,33700,20690,35610,41425,43355,33370,39990,28285,39895,31930,37085,31735,38740,32685,36855,38605,24850,22255,25330,39665,40825
Number of total income recipients aged 15 years and over in private households in 2020 - 25% sample data,799175,39155,36680,36735,31825,19995,34160,39730,41760,31995,37870,27000,38290,30635,36170,30590,37050,31465,35195,36865,23980,21495,23955,38090,38470
Median total income in 2020  among recipients ($),50000,56400,54400,54800,54400,56400,59200,43200,45600,45200,39200,45200,39200,44800,49600,64000,42800,52800,44000,57600,56000,58400,58000,53600,48000
Number of after-tax income recipients aged 15 years and over in private households in 2020 - 25% sample data,799595,39185,36685,36750,31845,19995,34180,39750,41780,31995,37935,27000,38315,30670,36185,30595,37060,31520,35210,36865,24005,21510,23960,38110,38485
Median after-tax income in 2020 among recipients ($),44000,49200,47200,48000,47600,48800,51200,38800,40400,40400,36000,40800,36000,40000,44000,54800,38800,46000,39200,50000,48000,50000,50400,47200,42800
Average after-tax income in 2020 among recipients ($),52450,52850,53000,53650,56500,59450,57650,47560,48160,47720,42920,47640,44400,51700,55150,67400,47840,60550,48480,54150,56950,59250,57450,52700,49640
Average total income in 2020 among recipients ($),64500,64000,64300,65800,70900,75800,71800,57700,57900,57100,50600,56650,52750,64300,69000,87900,57300,78900,59650,65900,71800,75100,70800,64100,59900
Median market income in 2020  among recipients ($),46800,52000,48400,52400,51600,52400,56800,39600,40400,40400,36000,40800,36000,42000,50800,63600,38800,50000,40800,54800,52400,52800,56800,49600,45600
Average market income in 2020 among recipients ($),61750,60100,59100,62900,68400,72500,68900,54500,53700,52550,47280,52750,50000,63000,68800,87100,54050,76500,57200,62650,68500,71000,68600,60700,57550
Number of employment income recipients aged 15 years and over in private households in 2020 - 25% sample data,592960,29245,26040,29080,23410,15115,27030,26605,30370,22040,27005,18900,27425,20390,28280,23455,26205,23695,24555,30025,18515,15920,19580,29425,30660
Median employment income in 2020 among recipients ($),47600,52800,47200,53600,57200,52800,60400,39200,40400,39600,35600,40000,33200,40000,52000,64500,36800,45600,40000,56000,53200,52800,59200,52800,48400
Average employment income in 2020 among recipients ($),60650,58600,57000,63150,70700,72100,70100,53600,52900,51200,46440,50000,47720,59000,69000,84600,51300,71000,55550,61500,66300,67900,69300,61650,57950
Number of government transfers recipients aged 15 years and over in private households in 2020 - 25% sample data,708130,34230,32485,31810,27505,16850,29480,35965,37610,28895,34500,24560,35205,27745,32810,26445,33650,27900,31795,32220,20440,18315,20925,33300,33495
Median government transfers in 2020 among recipients ($),6600,6800,8500,5160,5080,6320,4560,9500,7500,9200,9000,9000,8000,9600,3720,3520,8800,4720,8400,5120,6450,7350,4000,5680,5080
Average government transfers in 2020 among recipients ($),9340,9070,9930,8450,8340,8800,7900,10760,9610,10740,11070,10700,10050,11010,7960,8080,10510,8030,10320,8330,8930,9350,8020,8690,8350
Number of employment insurance benefits recipients aged 15 years and over in private households in 2020 - 25% sample data,55125,2405,2415,2490,1800,1190,2190,2685,3035,2185,3050,2065,3085,2265,2565,1635,2775,1615,2490,2850,1560,1225,1885,2790,2870
Median employment insurance benefits in 2020 among recipients ($),5680,5480,5880,6000,5640,6000,5880,5480,5480,5720,5480,5480,5480,5880,5480,5720,5800,5480,5640,6000,6280,6080,6000,6000,5600
Average employment insurance benefits in 2020 among recipients ($),6990,6600,7660,7720,6770,7360,7340,6520,6710,7220,6550,6430,5820,6800,6580,7430,7060,6600,6860,7560,7690,7580,7690,7790,6600
Number of COVID-19 emergency and recovery benefits recipients aged 15 years and over in private households in 2020 - 25% sample data,196650,8305,7630,9125,6980,4165,7535,9630,10520,7945,11780,7285,11590,7655,9335,5805,10455,7570,9135,9215,5165,4215,6235,8605,10780
Median COVID-19 emergency and recovery benefits in 2020 among recipients ($),8000,8000,8000,8000,8000,7000,8000,8500,8000,8000,10000,8500,8000,8500,8500,8000,8000,8000,8000,8000,8000,8000,8000,8000,8000
Average COVID-19 emergency and recovery benefits in 2020 among recipients ($),9100,8640,8820,9220,8670,8240,8450,9350,9110,9210,10050,9480,9290,9550,9300,8980,9370,8500,9420,9150,8480,8380,9250,8780,9060
Composition of total income in 2020 of the population aged 15 years and over in private households (%) - 25% sample data,100,100,100,100,100,100,100,100,100,100,100,100,100,100,100,100,100,100,100,100,100,100,100,100,100
Market income (%),87.2,87.6,86.4,88.8,89.8,90.2,90.4,83.2,85,83,80,82.8,82.4,84.6,89.6,92,83.4,91,84.4,89,89.4,89.4,90,88.2,87.8
Employment income (%),69.8,68.4,62.9,76,73.4,71.8,77.4,62.2,66.4,61.7,65.4,61.8,64.8,61,78.2,73.8,63.3,67.8,65,76,71.2,66.8,80,74.2,77
Government transfers (%),12.8,12.4,13.7,11.1,10.2,9.8,9.5,16.9,15,17,19.9,17.2,17.5,15.5,10.5,7.9,16.7,9,15.6,11.1,10.6,10.6,9.9,11.8,12.1
Employment insurance benefits (%),0.8,0.6,0.8,0.8,0.5,0.6,0.7,0.8,0.8,0.9,1,0.9,0.9,0.8,0.7,0.5,0.9,0.4,0.8,0.9,0.7,0.6,0.9,0.9,0.8
COVID-19 - Government income support and benefits (%),4,3.3,3.3,4,3.1,2.6,3,4.6,4.5,4.6,7,5.2,6,4.3,3.9,2.2,5.2,2.9,4.7,4,2.9,2.6,3.9,3.6,4.8
COVID-19 - Emergency and recovery benefits (%),3.5,2.9,2.9,3.5,2.7,2.3,2.6,3.9,4,4,6.2,4.5,5.3,3.7,3.5,1.9,4.6,2.6,4.1,3.5,2.5,2.2,3.4,3.1,4.2
Total - Total income groups in 2020 for the population aged 15 years and over in private households - 25% sample data,834140,40600,38040,38620,33700,20690,35610,41425,43355,33370,39990,28285,39895,31930,37085,31735,38740,32685,36855,38605,24850,22255,25330,39665,40825
Without total income,34960,1445,1360,1880,1880,690,1445,1695,1590,1375,2115,1285,1605,1295,915,1145,1690,1225,1655,1740,875,760,1370,1575,2355
With total income,799175,39155,36680,36735,31825,19995,34160,39730,41760,31995,37870,27000,38290,30635,36170,30590,37050,31465,35195,36865,23980,21495,23955,38090,38470
"    Under $10,000 (including loss)",64505,2770,2465,3390,3315,1800,2855,3110,3180,2450,3395,2130,3170,2380,2045,1830,3085,2915,2910,2825,1770,1565,2145,3110,3900
"    $10,000 to $19,999",83015,3620,3405,3385,3305,1875,3195,4515,4405,3605,4790,2900,5005,3580,3820,2425,4430,2935,4035,3405,2405,1930,2190,3695,4135
"    $20,000 to $29,999",99005,3935,3865,3710,3085,1995,3345,5965,5775,4425,6120,3820,6455,4545,5170,3180,5215,3750,5160,3880,2365,2145,2460,4090,4540
"    $30,000 to $39,999",82480,3510,3560,3370,2835,1575,2630,4880,5135,3745,4950,3110,4770,3365,4080,2485,4675,3025,4060,3075,2120,1840,2070,3465,4140
"    $40,000 to $49,999",71755,3460,3640,3020,2435,1675,2745,3965,4280,3200,3690,2925,3560,3035,3040,2370,3645,2495,3590,2865,2100,1860,1665,3390,3115
"    $50,000 to $59,999",65690,3685,3180,3110,2090,1570,2530,3345,3955,2900,3100,2365,3365,2410,2885,2130,3055,2275,2745,3140,2030,1600,1850,3300,3090
"    $60,000 to $69,999",60200,3485,3355,2990,2030,1450,2430,2820,3110,2340,2840,2050,2585,2170,3070,2040,2655,1980,2450,3190,1855,1680,1815,3100,2715
"    $70,000 to $79,999",51865,3035,2760,2495,1890,1290,2370,2180,2380,2110,2310,1720,2060,1735,2565,2215,2075,1895,1980,2710,1570,1610,1685,2725,2490
"    $80,000 to $89,999",44135,2615,2410,2445,1760,1240,2055,1955,2020,1685,1695,1295,1610,1435,2305,1930,1705,1425,1570,2400,1405,1365,1550,2225,2025
"    $90,000 to $99,999",37430,2155,2000,2030,1585,995,2055,1315,1665,1265,1325,1135,1270,1100,1685,1690,1455,1375,1390,2250,1365,1060,1300,2080,1890
"    $100,000 and over",139105,6875,6040,6800,7485,4530,7965,5685,5860,4270,3650,3555,4430,4895,5505,8295,5050,7390,5305,7120,5000,4840,5225,6915,6425
"      $100,000 to $149,999",95885,5125,4465,4755,4915,2755,5485,3940,4175,3060,2685,2600,3210,2960,3885,5065,3530,4100,3505,5400,3315,3140,3855,5115,4845
"      $150,000 and over",43220,1750,1580,2045,2565,1770,2480,1745,1680,1215,965,950,1225,1935,1625,3235,1525,3290,1805,1720,1685,1705,1370,1795,1585
Total - After-tax income groups in 2020 for the population aged 15 years and over in private households - 25% sample data,834140,40600,38040,38620,33700,20690,35610,41425,43355,33370,39990,28285,39895,31930,37085,31735,38740,32685,36855,38605,24850,22255,25330,39665,40825
Without after-tax income,34540,1415,1355,1865,1860,690,1425,1675,1580,1375,2055,1285,1580,1260,900,1135,1680,1165,1645,1740,850,740,1370,1555,2335
With after-tax income,799595,39185,36685,36750,31845,19995,34180,39750,41780,31995,37935,27000,38315,30670,36185,30595,37060,31520,35210,36865,24005,21510,23960,38110,38485
"    Under $10,000 (including loss)",68660,3040,2815,3540,3495,1950,3030,3280,3415,2600,3565,2235,3310,2575,2130,1985,3250,3110,3110,2995,1915,1735,2225,3325,4025
"    $10,000 to $19,999",86425,3770,3545,3545,3460,2015,3320,4695,4600,3815,5040,3030,5220,3690,3910,2540,4545,3095,4170,3580,2520,2015,2260,3795,4245
"    $20,000 to $29,999",111520,4565,4425,4225,3525,2130,3740,6780,6550,4900,6845,4355,7120,5040,5870,3565,5865,4170,5670,4290,2735,2465,2775,4705,5230
"    $30,000 to $39,999",97080,4220,4365,3995,3260,1995,3230,5605,6055,4495,5460,3620,5475,3970,4655,2985,5460,3595,4880,3710,2555,2280,2320,4190,4715
"    $40,000 to $49,999",87480,4505,4325,3920,2800,2155,3335,4600,5200,3785,4355,3385,4350,3535,3880,2895,4225,2960,4020,3880,2735,2255,2285,4290,3820
"    $50,000 to $59,999",80010,4610,4180,4000,2740,1900,3290,3765,4200,3295,3795,2750,3685,2815,3970,2715,3625,2760,3300,4025,2370,2080,2350,4025,3765
"    $60,000 to $69,999",65360,3900,3520,3250,2460,1660,2925,2805,3095,2550,2720,2070,2550,2190,3240,2860,2480,2215,2540,3460,2035,2015,2245,3410,3155
"    $70,000 to $79,999",54510,3125,2810,3045,2290,1430,2825,2145,2345,1890,2120,1730,1855,1650,2725,2335,2170,2025,1895,3295,1815,1560,2000,2865,2580
"    $80,000 to $89,999",44830,2580,2295,2295,1950,1300,2390,1820,2070,1560,1410,1255,1530,1390,1860,1990,1620,1605,1580,2650,1565,1400,1820,2495,2400
"    $90,000 to $99,999",32520,1800,1600,1625,1710,875,1955,1335,1415,945,895,930,1105,870,1250,1865,1170,1355,1160,1795,1065,1085,1305,1720,1700
"    $100,000 and over",71200,3080,2810,3310,4160,2590,4145,2925,2845,2165,1730,1635,2110,2940,2705,4865,2655,4635,2890,3180,2695,2630,2365,3290,2850
"      $100,000 to $124,999",38440,1830,1605,1790,2245,1190,2280,1560,1605,1225,1015,900,1235,1375,1525,2325,1500,2000,1550,1940,1425,1275,1355,2000,1675
"      $125,000 and over",32765,1245,1205,1515,1915,1405,1860,1365,1240,940,720,730,880,1570,1175,2540,1155,2635,1345,1240,1265,1360,1005,1295,1175
Total - Employment income groups in 2020 for the population aged 15 years and over in private households - 25% sample data,834140,40600,38040,38620,33700,20690,35610,41425,43355,33370,39990,28285,39895,31930,37085,31735,38740,32685,36855,38605,24850,22255,25330,39665,40825
Without employment income,241185,11350,12005,9540,10295,5570,8580,14830,12985,11325,12990,9380,12470,11540,8800,8285,12535,8990,12300,8580,6340,6340,5755,10240,10165
With employment income,592960,29245,26040,29080,23410,15115,27030,26605,30370,22040,27005,18900,27425,20390,28280,23455,26205,23695,24555,30025,18515,15920,19580,29425,30660
"    Under $5,000 (including loss)",76995,3715,3900,3365,3225,2095,2910,3750,3735,3120,4130,2605,4075,3345,2665,2735,3820,3385,3500,3480,2355,2040,2020,3460,3560
"    $5,000 to $9,999",44090,1955,1770,1965,1575,990,1860,2150,2450,1805,2640,1645,2610,1565,1980,1260,2295,1765,1930,2095,1165,1040,1355,1900,2345
"    $10,000 to $19,999",60155,2670,2395,2700,1960,1345,2210,2965,3630,2630,3110,2075,3690,2030,2910,1820,3380,2540,2685,2585,1725,1465,1785,2710,3140
"    $20,000 to $29,999",43790,1785,1730,1880,1475,915,1825,2250,2600,1830,2485,1595,2570,1630,2245,1290,2195,1805,2135,1865,1270,1025,1125,1940,2300
"    $30,000 to $39,999",41255,1795,1940,1850,1330,945,1335,2330,2715,1735,2120,1560,2010,1650,1920,1255,1995,1635,2035,1780,1100,1010,1060,1950,2215
"    $40,000 to $49,999",40610,2095,1810,1925,1240,975,1605,2020,2445,1730,1970,1415,1945,1470,2055,1350,1865,1280,1715,1850,1295,1080,1140,2165,2180
"    $50,000 to $59,999",41630,2215,1895,2260,1335,920,1690,1890,2275,1575,2055,1445,1985,1280,2115,1400,1955,1460,1645,2270,1225,995,1470,2160,2120
"    $60,000 to $69,999",40735,2395,1860,2210,1400,950,1830,1580,1890,1400,1970,1315,1790,1230,2505,1405,1600,1290,1535,2465,1345,1035,1370,2200,2170
"    $70,000 to $79,999",34830,2025,1545,1845,1220,865,1675,1315,1595,1185,1565,1005,1365,1075,2040,1630,1305,1165,1200,1980,1105,945,1415,1860,1895
"    $80,000 to $89,999",32335,1795,1550,1835,1240,815,1675,1285,1410,1050,1245,765,1240,955,1910,1490,1190,985,1140,2020,1055,865,1330,1725,1765
"    $90,000 to $99,999",30005,1665,1355,1790,1250,800,1865,905,1245,860,890,965,955,850,1420,1335,990,995,1075,2005,1130,930,1240,1785,1710
"    $100,000 and over",106515,5135,4290,5445,6165,3500,6550,4160,4390,3125,2820,2505,3190,3315,4520,6490,3615,5375,3965,5635,3750,3485,4260,5565,5265
"      $100,000 to $124,999",51370,2875,2440,2685,2630,1415,3020,2015,2210,1535,1550,1420,1610,1345,2255,2615,1715,1855,1855,3130,1695,1520,2270,2855,2855
"      $125,000 and over",55150,2260,1850,2760,3535,2080,3535,2150,2180,1590,1265,1090,1585,1975,2260,3875,1900,3520,2110,2505,2060,1965,1990,2715,2410
Total - Income statistics in 2019 for the population aged 15 years and over in private households - 25% sample data,834140,40600,38040,38620,33700,20690,35610,41425,43355,33370,39990,28285,39895,31930,37085,31735,38740,32685,36855,38605,24850,22255,25330,39665,40825
Number of total income recipients aged 15 years and over in private households in 2019 - 25% sample data,780035,38310,36035,35380,30875,19530,33395,38860,40905,31160,36800,26230,37435,29910,35565,30160,36175,30785,34310,35895,23515,21120,23290,37175,37230
Median total income in 2019 among recipients ($),47200,54800,52800,53600,53200,56400,57600,40800,42400,42400,36000,42400,34000,41200,43600,60800,39200,49200,40800,55600,54800,57600,56000,52000,45200
Average total income in 2019 among recipients ($),60900,62000,61550,63500,67000,73200,68700,54650,54150,54350,47360,54200,48280,61600,58650,82100,53100,74400,55650,62400,69000,73700,65100,61500,56750
Number of after-tax income recipients aged 15 years and over in private households in 2019 - 25% sample data,780410,38340,36065,35390,30890,19540,33415,38875,40910,31175,36815,26250,37445,29925,35585,30180,36190,30790,34320,35915,23540,21125,23300,37190,37240
Median after-tax income in 2019 among recipients ($),41600,47600,46000,47200,46000,48800,49600,36800,38000,38000,33600,38000,31600,36800,38800,52000,35600,42800,36800,48000,47200,49600,48800,45600,40400
Average after-tax income in 2019  among recipients ($),49440,50920,50480,51750,53650,57350,55100,45000,43560,45120,40160,45160,40480,49280,47920,63600,43840,57450,45920,51200,54900,57900,53250,50400,46960
Number of market income recipients aged 15 years and over in private households in 2019 - 25% sample data,714300,36025,33850,33165,28830,18455,31610,34385,37465,28065,31840,23360,32620,25900,32165,28185,32045,29000,30390,33740,22165,20140,21790,34905,34195
Median market income in 2019 among recipients ($),46400,52000,49200,52000,51200,53600,55600,39600,40400,40800,36000,41200,34800,41200,46000,60800,38800,47600,40400,53200,52400,53600,56000,49200,45600
Average market income in 2019 among recipients ($),60550,60050,58900,63000,66500,72000,67800,54050,52850,52850,47520,53500,48760,63200,60200,82800,52950,74200,55750,61550,67600,71300,65200,60000,57200
Number of employment income recipients aged 15 years and over in private households in 2019 - 25% sample data,588520,29035,26075,28570,23150,15065,26905,26610,30025,21705,26790,18580,27160,20270,28200,23505,25900,23510,24450,29640,18540,16100,19255,29335,30155
Median employment income in 2019 among recipients ($),46000,52400,46800,52400,54800,54000,58000,38000,40000,38800,35600,40000,31600,38800,45600,60400,36800,42000,39200,53200,52400,52800,58000,51200,47200
Average employment income in 2019 among recipients ($),58900,58550,56750,62550,67500,70300,68300,52550,51950,51000,46280,50640,45440,58050,58700,80200,50320,67500,53700,59900,64600,68000,65600,60600,57550
Number of government transfers recipients aged 15 years and over in private households in 2019 - 25% sample data,664170,32200,30875,29680,25610,15725,27445,33900,35085,27110,32230,23035,33035,26130,31195,25070,31495,25860,29910,30085,19185,17325,19580,31245,31165
Median government transfers in 2019 among recipients ($),1470,2180,3160,1170,1300,1740,1020,3040,1560,2760,1920,2560,1320,3480,860,940,2000,940,2040,1170,1760,2400,910,1540,980
Average government transfers in 2019 among recipients ($),6400,6610,7260,5325,5810,6500,5500,7810,6680,7750,7160,7450,6560,7890,4788,5695,7130,5375,7170,5440,6430,6980,4892,6125,5028
Number of employment insurance benefits recipients aged 15 years and over in private households in 2019 - 25% sample data,40730,2080,1935,2090,1325,1140,1890,1735,1995,1565,1970,1430,1660,1510,1275,1395,1760,1110,1745,2475,1560,1230,1470,2535,1870
Median employment insurance benefits in 2019 among recipients ($),6080,5320,5600,6080,5640,5880,6320,5600,5520,6800,6320,5960,6080,5520,5680,6600,6400,6080,6240,6800,6450,5640,6800,6160,5720
Average employment insurance benefits in 2019 among recipients ($),7840,7510,7920,7670,7680,7920,8560,7170,7490,8540,7850,7600,7350,7100,6960,8510,7650,7640,7940,8320,8120,7560,8630,8280,7600
Composition of total income in 2019 of the population aged 15 years and over in private households (%) - 25% sample data,100,100,100,100,100,100,100,100,100,100,100,100,100,100,100,100,100,100,100,100,100,100,100,100,100
Market income (%),91,91,89.8,93,92.8,92.8,93.4,87.6,89.4,87.6,86.8,88,88,88.8,92.8,94.2,88.4,94,88.8,92.6,92.4,92.2,93.6,91.6,92.6
Employment income (%),73,71.6,66.8,79.6,75.6,74.2,80.2,65.8,70.4,65.4,71.2,66.2,68.2,63.9,79.4,76.2,67.8,69.2,68.8,79.2,73.8,70.2,83.2,77.8,82.2
Government transfers (%),9,9,10.1,7,7.2,7.1,6.6,12.5,10.6,12.4,13.2,12.1,12,11.2,7.2,5.8,11.7,6.1,11.2,7.3,7.6,7.8,6.3,8.4,7.4
Employment insurance benefits (%),0.7,0.7,0.7,0.7,0.5,0.6,0.7,0.6,0.7,0.8,0.9,0.8,0.7,0.6,0.4,0.5,0.7,0.4,0.7,0.9,0.8,0.6,0.8,0.9,0.7
Total - Income statistics for persons aged 15 years and over not in economic families in private households - 25% sample data,165700,4345,4560,3695,3885,1945,3480,11430,10870,6890,6735,5545,18320,8575,18900,9170,9615,10685,8700,3645,2165,2145,2210,4275,3925
Median total income in 2020 ($),46400,60800,58800,62800,63600,50000,62400,42800,40400,41600,41200,48800,35600,43200,47600,54000,38400,40000,39200,64500,49600,50800,71000,61200,57200
Average total income in 2020 ($),56900,67000,64300,69900,72300,62950,73200,53850,48840,51550,50720,55900,47680,55950,59100,64600,50120,55150,49280,71000,59550,66800,73900,65900,61300
Median after-tax income in 2020 ($),41200,51200,50000,53600,54000,44400,53200,38400,36800,37600,37200,43200,33200,38800,42000,47200,35200,36400,35600,54000,43600,44800,59600,52000,49200
Average after-tax income in 2020 ($),47360,54950,52900,57250,58400,51200,58900,45160,41480,43600,43080,47200,40840,46680,49000,53150,42680,45360,40240,57750,49200,53550,60200,54450,51040
Total - LIM low-income status in 2020 for the population in private households - 25% sample data,1000935,48680,45495,49675,41645,24800,45210,48490,50315,39835,48700,34050,44315,37390,39795,37030,45895,37025,44060,49060,29965,27045,32990,49110,50360
Total - Income statistics for private households - 25% sample data,407250,18195,17680,16780,15020,9105,15900,22275,20900,15740,18010,13450,24775,17355,25130,18230,19635,17570,18715,16605,10815,10045,10760,17940,16625
Median total income of household in 2020 ($),102000,122000,114000,125000,125000,135000,136000,79500,95000,97000,89000,94000,63200,81000,70500,101000,84000,94000,85000,130000,134000,133000,135000,119000,121000
Average total income of household in 2020 ($),126700,137800,133400,144200,150200,166400,154200,102900,115700,116100,106400,113700,81500,113600,99400,147600,108100,141400,112200,146200,159400,160800,157600,136200,138600
Median after-tax income of household in 2020 ($),88000,104000,98000,107000,105000,114000,114000,69500,82000,85000,79000,83000,56400,70500,61200,86000,74500,81000,75000,111000,111000,111000,115000,101000,105000
Average after-tax income of household in 2020 ($),103000,113800,109900,117600,119800,130600,123900,84900,96200,97000,90400,95700,68700,91400,79400,113100,90300,108600,91200,120200,126400,126900,127900,112000,114900
Total - Income statistics for one-person private households - 25% sample data,116225,3345,3545,2595,3055,1470,2550,8505,5805,4090,4510,3570,12505,6610,14760,7385,6330,6355,6005,2640,1555,1675,1625,3205,2535
Median total income of one-person households in 2020 ($),55200,65500,63600,73000,71000,55200,70500,49200,54000,54000,50000,57200,43200,48400,53200,59200,46400,56000,45600,73000,53200,57600,78000,68500,71000
Average total income of one-person households in 2020 ($),64800,71800,69600,79700,78900,67000,81000,59900,62100,63500,57050,62750,54600,61200,64200,68800,58750,71000,54350,79800,65100,73700,82000,72000,72900
Median after-tax income of one-person households in 2020 ($),47600,55200,54000,60400,59600,47200,59200,43200,47200,47200,43600,48400,39200,42800,46800,50800,41600,48400,40400,61600,45200,49200,65500,56800,58400
Average after-tax income of one-person households in 2020 ($),53100,58250,56800,64500,63100,54050,64300,49600,51250,52500,47920,52300,46040,50480,52650,56150,49160,56700,43520,64200,53150,58550,66200,59050,59750
Total - Income statistics for two-or-more-persons private households - 25% sample data,291025,14855,14135,14180,11970,7630,13350,13770,15095,11650,13500,9880,12270,10750,10365,10845,13305,11220,12715,13970,9255,8365,9135,14735,14090
Median total income of two-or-more-person households in 2020 ($),127000,137000,131000,137000,144000,150000,150000,108000,115000,115000,108000,112000,88000,108000,107000,152000,110000,132000,112000,144000,148000,149000,147000,132000,135000
Average total income of two-or-more-person households in 2020 ($),151400,152600,149600,156000,168400,185600,168200,129400,136200,134600,122900,132200,108900,145800,149400,201200,131600,181200,139400,158800,175200,178200,171000,150200,150400
Median after-tax income of two-or-more-person households in 2020 ($),109000,116000,111000,116000,120000,125000,125000,95000,100000,101000,95000,99000,78500,95000,93000,126000,96000,113000,98000,122000,123000,124000,125000,112000,116000
Average after-tax income of two-or-more-person households in 2020 ($),123000,126300,123200,127300,134200,145400,135200,106700,113500,112600,104600,111300,91700,116500,117500,152000,109900,138000,113700,130800,138800,140600,139000,123500,124800
Total - Household total income groups in 2020 for private households - 25% sample data,407255,18200,17680,16775,15020,9105,15900,22275,20900,15740,18010,13445,24775,17350,25130,18230,19630,17570,18715,16610,10815,10045,10760,17940,16625
"  Under $5,000",4405,60,100,105,145,45,100,275,250,135,200,70,665,220,535,190,280,420,240,70,55,30,60,80,85
"  $5,000 to $9,999",2215,0,35,40,55,0,45,145,90,75,70,50,325,150,310,125,180,185,135,20,35,20,15,30,50
"  $10,000 to $14,999",4740,75,25,60,90,65,60,310,200,130,250,110,725,365,775,265,275,270,330,45,70,60,30,80,65
"  $15,000 to $19,999",6100,90,115,100,130,65,80,455,195,175,300,175,950,475,810,395,405,295,370,80,100,35,80,125,120
"  $20,000 to $24,999",11110,180,205,160,190,180,105,890,570,355,570,290,1525,780,1365,695,640,625,810,205,115,140,70,235,195
"  $25,000 to $29,999",9115,195,220,125,155,115,120,780,420,405,470,340,1245,570,1065,555,585,395,515,130,150,135,105,180,145
"  $30,000 to $34,999",9485,200,200,170,220,125,125,780,510,375,520,265,1150,540,1045,390,705,530,600,180,145,135,115,175,290
"  $35,000 to $39,999",10505,235,325,235,315,85,185,915,630,400,680,370,1025,620,1010,465,730,460,720,210,105,160,135,275,220
"  $40,000 to $44,999",10750,340,395,280,260,195,250,910,655,530,535,370,1095,665,870,450,685,440,580,225,175,170,115,370,225
"  $45,000 to $49,999",11050,315,330,245,245,170,255,880,620,405,575,455,1010,630,880,515,735,555,710,220,260,170,130,395,355
"  $50,000 to $59,999",23230,775,875,645,530,330,565,1720,1390,1075,1190,985,2090,1230,1760,995,1440,1120,1340,585,425,390,355,785,655
"  $60,000 to $69,999",24185,930,1020,745,740,340,600,1705,1530,1070,1215,1005,1830,1240,2040,940,1270,1115,1255,675,480,465,355,815,815
"  $70,000 to $79,999",24555,920,1060,950,780,465,750,1455,1390,990,1405,880,1685,1080,1770,1035,1285,1060,1170,845,490,500,615,980,980
"  $80,000 to $89,999",24065,1155,1120,1040,805,410,710,1355,1385,1125,1135,940,1505,1070,1620,955,1215,930,1160,965,440,480,495,1055,995
"  $90,000 to $99,999",23110,1060,1195,1040,820,430,930,1200,1330,895,1170,935,1295,930,1330,995,1010,885,940,865,585,580,535,1175,985
"  $100,000 and over",208640,11655,10470,10840,9540,6090,11010,8495,9745,7600,7735,6225,6675,6785,7940,9265,8205,8285,7840,11295,7180,6575,7550,11190,10445
"    $100,000 to $124,999",50815,2865,2510,2415,2025,1055,2120,2495,2710,2215,2195,1865,2285,1765,2535,1935,2305,1585,2080,2480,1340,1200,1550,2865,2395
"    $125,000 to $149,999",40100,2325,2330,1985,1655,1125,2085,1675,2000,1390,1790,1260,1460,1255,1745,1440,1660,1365,1425,2070,1210,1115,1520,2230,1990
"    $150,000 to $199,999",54650,3240,2860,3205,2300,1440,3170,2015,2395,1930,2015,1620,1510,1720,1905,2105,1995,1840,1885,3380,1995,1785,2105,3200,3050
"    $200,000 and over",63075,3225,2770,3235,3565,2465,3640,2310,2640,2065,1735,1480,1420,2050,1755,3785,2245,3485,2450,3365,2640,2470,2370,2890,3020
Total - Household after-tax income groups in 2020 for private households - 25% sample data,407255,18200,17680,16775,15020,9105,15900,22275,20900,15740,18010,13445,24775,17350,25130,18230,19630,17570,18715,16610,10815,10045,10760,17940,16625
"  Under $5,000",4900,90,125,115,175,65,115,310,280,170,215,75,675,235,560,230,285,470,260,70,65,45,60,110,105
"  $5,000 to $9,999",2305,0,35,35,60,0,45,155,105,70,70,60,325,170,315,125,185,180,150,25,50,30,15,30,45
"  $10,000 to $14,999",4870,90,30,60,95,70,60,305,195,150,250,120,750,370,785,275,285,285,330,55,65,60,30,80,65
"  $15,000 to $19,999",6335,85,105,120,130,75,80,480,225,185,310,170,985,475,820,410,410,330,375,90,95,45,75,135,130
"  $20,000 to $24,999",12020,185,225,180,220,180,125,985,600,395,610,325,1690,820,1475,750,690,665,830,220,135,150,90,255,205
"  $25,000 to $29,999",10285,200,255,150,170,150,160,870,485,435,535,375,1345,615,1230,590,690,430,595,145,185,155,125,185,205
"  $30,000 to $34,999",11620,290,305,210,250,145,140,1020,650,470,600,350,1275,745,1255,495,815,670,770,230,140,190,115,245,245
"  $35,000 to $39,999",12375,325,375,315,365,155,265,1030,780,505,715,405,1185,725,1105,550,870,550,775,230,165,185,170,350,285
"  $40,000 to $44,999",13040,395,450,260,310,200,335,1035,735,530,700,545,1270,785,1030,565,780,575,785,315,265,210,175,480,315
"  $45,000 to $49,999",13995,465,550,380,280,225,300,1100,860,575,700,570,1280,775,1145,605,905,690,780,285,260,210,175,465,425
"  $50,000 to $59,999",29495,1100,1205,935,850,405,745,2060,1675,1325,1415,1170,2430,1425,2585,1310,1675,1375,1595,790,505,580,415,1020,900
"  $60,000 to $69,999",29730,1090,1240,1045,955,470,885,1910,1830,1305,1555,1140,2200,1480,2105,1270,1510,1250,1440,1035,640,490,625,1105,1160
"  $70,000 to $79,999",29420,1420,1320,1295,990,540,955,1600,1550,1180,1455,1105,1795,1210,2025,1235,1495,1260,1365,1045,615,700,695,1360,1205
"  $80,000 to $89,999",27935,1240,1505,1245,1050,480,1155,1310,1630,1190,1320,1085,1525,1130,1655,1130,1180,980,1100,1290,700,635,700,1430,1265
"  $90,000 to $99,999",26680,1555,1335,1310,1110,595,1090,1325,1395,1130,1155,1010,1225,915,1210,1020,1245,815,1135,1225,670,640,830,1565,1200
"  $100,000 and over",172255,9665,8620,9130,8000,5330,9450,6775,7915,6125,6410,4960,4825,5485,5825,7675,6620,7055,6415,9545,6265,5730,6460,9120,8865
"    $100,000 to $124,999",54135,3230,2840,2710,2170,1460,2675,2405,2780,2040,2480,1780,1945,1745,2340,1895,2250,1795,2125,2770,1685,1490,1845,2975,2720
"    $125,000 to $149,999",39715,2295,2145,2295,1610,1030,2190,1470,1750,1380,1545,1195,1175,1275,1360,1545,1510,1435,1280,2400,1415,1315,1605,2305,2195
"    $150,000 and over",78410,4140,3630,4120,4220,2840,4590,2900,3390,2700,2385,1980,1700,2470,2130,4240,2860,3825,3015,4380,3160,2925,3005,3840,3955
Total - Private households by tenure - 25% sample data,407255,18200,17680,16775,15020,9105,15900,22275,20900,15740,18010,13445,24775,17350,25130,18230,19630,17570,18715,16610,10815,10045,10760,17940,16625
Owner,260225,16155,14660,14195,11085,8535,13425,9980,13605,9680,10775,8925,6775,7735,6215,9350,10585,8410,9600,13980,9820,9120,9400,15165,13045
Renter,147030,2040,3020,2580,3935,570,2480,12290,7295,6065,7235,4520,18005,9615,18915,8875,9045,9160,9115,2625,995,925,1360,2770,3585
,,14115,11640,11615,7150,7965,10945,-2310,6310,3615,3540,4405,-11230,-1880,-12700,475,1540,-750,485,11355,8825,8195,8040,12395,9460
,30501.05263,1466.315789,1383.947368,1363.684211,1211.052632,758.6842105,1334.736842,1528.684211,1517.368421,1150.526316,1285.526316,969.4736842,1557.894737,1202.631579,1629.210526,1363.947368,1382.105263,1296.578947,1322.105263,1376.052632,898.9473684,830.7894737,905.7894737,1423.947368,